"id";"event";"date"
1;"Synergize real-time roi";"2025-04-16"
2;"Utilize enterprise methodologies";"2025-04-16"
3;"Reinvent synergistic e-tailers";"2025-04-16"
4;"Empower efficient systems";"2025-04-16"
5;"Integrate interactive experiences";"2025-04-16"
6;"Synthesize transparent schemas";"2025-04-16"
7;"Streamline e-business niches";"2025-04-16"
8;"Enable next-generation solutions";"2025-04-16"
9;"Whiteboard vertical architectures";"2025-04-16"
10;"Syndicate holistic convergence";"2025-04-16"
11;"Synergize real-time roi";"2025-04-16"
12;"Machine Learning Assignment 1 Due";"2025-04-22"
13;"Group Project Presentation - Software Engineering";"2025-04-25"
14;"Hackathon - 24 Hour Coding Sprint";"2025-04-28"
15;"Final Exam - Data Mining";"2025-05-03"
16;"Python Quiz - Week 8";"2025-04-24"
17;"Team Meeting - Capstone Project";"2025-04-23"
18;"Guest Lecture: AI in Healthcare";"2025-04-30"
19;"Course Feedback Submission Deadline";"2025-05-05"
20;"Student Council Elections";"2025-04-26"
21;"Lab Evaluation - Distributed Systems";"2025-05-01"
22;"Submission: Database Mini Project";"2025-04-27"
23;"Seminar on System Design";"2025-05-04"
24;"Workshop: Building FastAPI Apps";"2025-04-29"
25;"Final Exam - Statistics in Finance";"2025-05-07"
26;"End of Semester Break Begins";"2025-05-08"
