"student_id";"name";"issue_date"
"ID0001";"Allison Hill";"2025-04-24"
"ID0002";"Gabrielle Davis";"2025-04-24"
"ID0003";"Mia Sutton";"2025-04-24"
"ID0004";"David Hoffman";"2025-04-24"
"ID0005";"Deborah Mason";"2025-04-24"
"ID0006";"Sherry Decker";"2025-04-24"
"ID0007";"Mark Perez";"2025-04-24"
"ID0008";"Nicholas Mcbride";"2025-04-24"
"ID0009";"James Galloway";"2025-04-24"
"ID0010";"Laura Riley";"2025-04-24"
"ID0011";"Jeffrey Daniels";"2025-04-24"
"ID0012";"Kristina Rodriguez";"2025-04-24"
"ID0013";"Sierra Johnson";"2025-04-24"
"ID0014";"Shawn Green";"2025-04-24"
"ID0015";"Erika Terry";"2025-04-24"
"ID0016";"Robert Hernandez";"2025-04-24"
"ID0017";"Mary Travis";"2025-04-24"
"ID0018";"Jason Daniels";"2025-04-24"
"ID0019";"James Elliott";"2025-04-24"
"ID0020";"John Wilson";"2025-04-24"
"ID0021";"Jonathan Peterson";"2025-04-24"
"ID0022";"Meredith Hill";"2025-04-24"
"ID0023";"David Martinez";"2025-04-24"
"ID0024";"Nicole Garcia";"2025-04-24"
"ID0025";"Lisa Rowe";"2025-04-24"
"ID0026";"Andrea Hall";"2025-04-24"
"ID0027";"Laura Sampson";"2025-04-24"
"ID0028";"Mary Daniels MD";"2025-04-24"
"ID0029";"Danny Skinner";"2025-04-24"
"ID0030";"Kevin Duarte";"2025-04-24"
"ID0031";"Wayne Morgan";"2025-04-24"
"ID0032";"Ian Jordan";"2025-04-24"
"ID0033";"Melissa Bryant";"2025-04-24"
"ID0034";"Richard Johnson";"2025-04-24"
"ID0035";"Deborah James";"2025-04-24"
"ID0036";"Lisa Crosby";"2025-04-24"
"ID0037";"Robin Hall";"2025-04-24"
"ID0038";"Luis Acosta";"2025-04-24"
"ID0039";"Marilyn Mack";"2025-04-24"
"ID0040";"Bryan Gomez";"2025-04-24"
"ID0041";"Andrea Figueroa";"2025-04-24"
"ID0042";"Jeffrey Campbell";"2025-04-24"
"ID0043";"Erik Patterson";"2025-04-24"
"ID0044";"David Thompson";"2025-04-24"
"ID0045";"Janice Carpenter";"2025-04-24"
"ID0046";"Felicia Rivera";"2025-04-24"
"ID0047";"Chad Jones";"2025-04-24"
"ID0048";"Rachel Mckee";"2025-04-24"
"ID0049";"Anna Lozano";"2025-04-24"
"ID0050";"Susan Smith";"2025-04-24"
"ID0051";"Matthew Miller";"2025-04-24"
"ID0052";"Andrew Gonzalez";"2025-04-24"
"ID0053";"Tim Stone PhD";"2025-04-24"
"ID0054";"David Brewer";"2025-04-24"
"ID0055";"Mrs. Brandy Jones MD";"2025-04-24"
"ID0056";"Kelly Hammond";"2025-04-24"
"ID0057";"Craig Huber";"2025-04-24"
"ID0058";"Robert Sullivan";"2025-04-24"
"ID0059";"Stephanie Li";"2025-04-24"
"ID0060";"Holly Morales";"2025-04-24"
"ID0061";"Kelly Hernandez";"2025-04-24"
"ID0062";"Carolyn Fuller";"2025-04-24"
"ID0063";"Raymond Le";"2025-04-24"
"ID0064";"Denise Hoffman";"2025-04-24"
"ID0065";"Jennifer Monroe";"2025-04-24"
"ID0066";"Erin Simon";"2025-04-24"
"ID0067";"Ian Young";"2025-04-24"
"ID0068";"Laura Hernandez";"2025-04-24"
"ID0069";"Dustin White";"2025-04-24"
"ID0070";"Robert Barnes";"2025-04-24"
"ID0071";"Leslie Moss";"2025-04-24"
"ID0072";"Sarah Davis";"2025-04-24"
"ID0073";"Ian Andrade";"2025-04-24"
"ID0074";"Charles Payne";"2025-04-24"
"ID0075";"Donna Shaw";"2025-04-24"
"ID0076";"Amy Smith";"2025-04-24"
"ID0077";"Emily Ali";"2025-04-24"
"ID0078";"Willie Henry";"2025-04-24"
"ID0079";"Justin Hunt";"2025-04-24"
"ID0080";"David Weber";"2025-04-24"
"ID0081";"Robert Long";"2025-04-24"
"ID0082";"Jonathon Knapp";"2025-04-24"
"ID0083";"Mrs. Elizabeth Knapp MD";"2025-04-24"
"ID0084";"Crystal Sullivan";"2025-04-24"
"ID0085";"James Wilson";"2025-04-24"
"ID0086";"Dylan Lopez";"2025-04-24"
"ID0087";"Reginald Morrow";"2025-04-24"
"ID0088";"Gregory Campbell";"2025-04-24"
"ID0089";"Lori Brooks";"2025-04-24"
"ID0090";"Kylie Washington";"2025-04-24"
"ID0091";"Adam Cooper";"2025-04-24"
"ID0092";"Paul Lawrence";"2025-04-24"
"ID0093";"Bonnie Valencia";"2025-04-24"
"ID0094";"Gabriel Willis";"2025-04-24"
"ID0095";"Patricia Johnson";"2025-04-24"
"ID0096";"Amanda Pratt";"2025-04-24"
"ID0097";"Jacob Bonilla";"2025-04-24"
"ID0098";"Casey Wilkins";"2025-04-24"
"ID0099";"Eric Baker";"2025-04-24"
"ID0100";"Anna Garcia";"2025-04-24"
